2013/01/04,7.83,7.91,7.58,7.66,32166498,314631296.00
2013/01/07,7.66,7.78,7.38,7.48,59922987,571041472.00
2013/01/08,7.42,7.64,7.15,7.48,70746406,662307136.00
2013/01/09,7.52,8.23,7.41,8.09,86889574,864898432.00
2013/01/10,8.02,8.27,7.93,8.04,44932030,459391680.00
2013/01/11,8.04,8.13,7.63,7.80,46090822,458246176.00
2013/01/14,7.78,8.21,7.73,8.16,41623131,423467552.00
2013/01/15,8.14,8.55,8.02,8.39,55919075,581954112.00
2013/01/16,8.39,8.52,8.08,8.18,33641408,351928384.00
2013/01/17,8.09,8.14,7.95,8.02,26339668,267127248.00
2013/01/18,7.98,8.13,7.91,8.03,24484479,248929280.00
2013/01/21,7.78,8.57,7.78,8.18,71366798,737321856.00
2013/01/22,8.11,8.36,7.88,8.15,49821662,511816096.00
2013/01/23,8.14,8.47,8.08,8.38,43629641,458845024.00
2013/01/24,8.39,8.47,8.08,8.08,42477890,445316576.00
2013/01/25,8.04,8.18,7.98,8.08,19756936,202341408.00
2013/01/28,8.09,8.56,8.08,8.48,33376229,351995776.00
2013/01/29,8.53,8.98,8.53,8.56,45032746,497283232.00
2013/01/30,8.60,8.78,8.44,8.73,18581802,201535264.00
2013/01/31,8.71,8.79,8.58,8.63,20109259,219170160.00
2013/02/01,8.62,8.74,8.47,8.64,20468835,222017200.00
2013/02/04,8.67,8.68,7.73,7.91,72582596,737219200.00
2013/02/05,7.87,8.04,7.74,7.98,32944186,330437088.00
2013/02/06,7.98,8.07,7.93,7.98,24186221,245570384.00
2013/02/07,7.98,8.15,7.93,8.03,23249548,236484928.00
2013/02/08,8.03,8.57,8.03,8.41,32069377,338885792.00
2013/02/18,8.51,8.64,8.16,8.56,24366485,259290000.00
2013/02/19,8.49,8.65,8.28,8.31,23320763,248610384.00
2013/02/20,8.32,8.48,8.32,8.43,12974192,137671008.00
2013/02/21,8.48,8.56,8.17,8.36,27008046,286188768.00
2013/02/22,8.37,8.51,7.96,8.02,26500267,273222464.00
2013/02/25,8.08,8.13,7.78,7.83,26217729,261658736.00
2013/02/26,7.81,7.81,7.48,7.49,33343181,321994144.00
2013/02/27,7.55,7.63,7.35,7.43,27128164,257613104.00
2013/02/28,7.49,7.75,7.35,7.73,31033591,297976672.00
2013/03/01,7.73,7.83,7.66,7.82,28737138,282879520.00
2013/03/04,7.71,7.90,7.40,7.54,28682001,279473312.00
2013/03/05,7.56,7.85,7.56,7.78,20230581,198181568.00
2013/03/06,7.88,8.61,7.86,8.61,58921891,633336640.00
2013/03/07,8.84,9.23,8.63,8.90,114808691,1289476864.00
2013/03/08,8.87,9.35,8.80,9.06,61065556,700522688.00
2013/03/11,9.05,9.53,8.85,9.37,59112563,687376960.00
2013/03/12,9.21,9.43,8.82,9.05,50730875,580273472.00
2013/03/13,8.98,9.04,8.73,8.77,37372527,418584352.00
2013/03/14,8.74,9.50,8.73,9.50,51506870,590297472.00
2013/03/15,9.56,10.01,9.50,9.64,77719626,953697856.00
2013/03/18,9.65,10.19,9.56,9.73,47636075,591764736.00
2013/03/19,9.68,10.06,9.57,9.77,36830821,454637824.00
2013/03/20,9.73,9.83,9.50,9.71,52372060,631591424.00
2013/03/21,9.70,10.13,9.65,9.91,51162332,633900672.00
2013/03/22,9.87,9.87,9.50,9.58,40613880,489630816.00
2013/03/25,9.50,9.50,8.93,9.11,57662808,666778432.00
2013/03/26,9.06,9.41,8.92,9.28,45561929,526886528.00
2013/03/27,9.18,9.39,9.08,9.20,26296564,304638112.00
2013/03/28,9.14,9.36,8.77,9.18,31502341,362179488.00
2013/03/29,9.18,9.46,8.86,8.89,33441538,387336256.00
2013/04/01,8.78,9.18,8.65,9.02,28992148,327813984.00
2013/04/02,9.03,9.13,8.80,8.93,21116877,237930592.00
2013/04/03,8.97,9.08,8.73,8.81,19203422,214517504.00
2013/04/08,8.64,9.01,8.58,8.96,20257597,224629712.00
2013/04/09,8.94,9.31,8.86,9.16,30820633,353360032.00
2013/04/10,9.06,9.27,8.93,9.03,18540081,212058848.00
2013/04/11,9.13,9.25,9.00,9.08,16690703,191362432.00
2013/04/12,9.08,9.14,8.73,8.73,20219524,225946576.00
2013/04/15,8.68,8.85,8.36,8.36,20868451,224860064.00
2013/04/16,8.26,8.49,8.25,8.45,19521020,206934512.00
2013/04/17,8.50,8.52,8.32,8.45,15302401,162931184.00
2013/04/18,8.44,8.56,8.38,8.48,16195409,173400400.00
2013/04/19,8.48,9.03,8.46,8.91,29012511,323058848.00
2013/04/22,8.92,9.31,8.92,9.17,29530777,339284896.00
2013/04/23,9.17,9.25,8.75,8.78,25755327,288811776.00
2013/04/24,8.78,9.43,8.78,9.42,40938041,473340480.00
2013/04/25,9.42,9.45,9.19,9.20,26748734,313134528.00
2013/04/26,9.15,9.28,8.98,9.01,15877196,181997296.00
2013/05/02,9.10,9.75,9.10,9.73,47241551,566015808.00
2013/05/03,9.68,9.93,9.62,9.75,40507413,496175008.00
2013/05/06,9.81,10.35,9.69,10.28,62156777,790230208.00
2013/05/07,10.37,10.62,10.14,10.25,45828061,595855040.00
2013/05/08,10.23,10.53,10.23,10.33,21771440,282072576.00
2013/05/09,10.33,10.76,10.32,10.63,44468382,586529920.00
2013/05/10,10.58,10.63,10.33,10.37,26224302,342250240.00
2013/05/13,10.34,10.89,10.30,10.83,37803534,507631840.00
2013/05/14,10.75,10.79,10.24,10.29,33844081,441429824.00
2013/05/15,10.29,10.35,9.93,10.29,34734589,438765792.00
2013/05/16,10.28,10.67,10.19,10.52,37327698,492108192.00
2013/05/17,10.56,10.73,10.23,10.67,36832563,484601856.00
2013/05/20,10.67,10.86,10.52,10.59,30469281,405838304.00
2013/05/21,10.59,10.65,10.32,10.38,39568282,515207968.00
2013/05/22,10.45,10.54,10.06,10.20,38641988,494436512.00
2013/05/23,10.08,10.19,9.89,10.01,32302743,405558848.00
2013/05/24,10.03,10.35,10.03,10.33,32371551,414884192.00
2013/05/27,10.29,10.31,10.00,10.08,32394138,411481728.00
2013/05/28,10.14,10.19,9.56,9.84,48859936,596884480.00
2013/05/29,9.86,9.93,9.68,9.89,32910569,405790336.00
2013/05/30,9.88,9.88,9.69,9.74,31658015,387006656.00
2013/05/31,9.74,10.20,9.73,10.08,55549678,700722368.00
2013/06/03,10.02,10.39,9.99,10.02,40758909,521458784.00
2013/06/04,10.02,10.02,9.62,9.81,25659270,314425248.00
2013/06/05,9.81,10.13,9.70,10.12,26351004,328367168.00
2013/06/06,10.08,10.21,9.82,9.98,26127435,327914720.00
2013/06/07,9.98,10.11,9.61,9.63,27914039,341800480.00
2013/06/13,9.45,9.45,8.79,9.10,31033696,352781280.00
2013/06/14,9.07,9.34,9.07,9.26,24681041,286370816.00
2013/06/17,9.31,9.53,9.03,9.42,23343616,272465504.00
2013/06/18,9.48,10.29,9.48,10.08,63680092,796258432.00
2013/06/19,9.99,10.15,9.78,10.03,34083150,424787968.00
2013/06/20,9.98,10.00,9.44,9.50,28653844,350246976.00
2013/06/21,9.14,9.62,8.96,9.48,22324446,261039888.00
2013/06/24,9.74,10.05,8.89,9.16,50721256,602193984.00
2013/06/25,8.97,10.05,8.57,9.96,86260170,1021515072.00
2013/06/26,9.97,10.33,9.80,10.32,83913410,1069354176.00
2013/06/27,10.26,10.45,10.05,10.18,57475011,736045824.00
2013/06/28,10.08,10.42,9.99,10.18,45246500,579237248.00
2013/07/01,10.21,10.43,9.66,10.20,59067699,744938496.00
2013/07/02,10.08,10.79,10.06,10.73,96962941,1275394176.00
2013/07/03,10.63,11.06,10.44,10.98,79123221,1061208128.00
2013/07/04,10.80,10.97,10.60,10.71,47950077,645848512.00
2013/07/05,10.76,11.02,10.40,10.48,45181384,604736704.00
2013/07/08,10.35,10.76,9.93,10.23,51343584,665578304.00
2013/07/09,10.23,10.38,10.06,10.28,29064935,371000064.00
2013/07/10,10.23,10.63,10.10,10.57,50185346,650574208.00
2013/07/11,10.58,11.16,10.47,10.94,80162587,1087228672.00
2013/07/12,10.93,11.10,10.79,10.97,50775008,693240704.00
2013/07/23,12.11,12.11,12.11,12.11,7661441,115381304.00
2013/07/24,12.89,13.02,12.23,12.73,151199234,2389624576.00
2013/07/25,12.73,12.89,12.46,12.50,80230576,1258442496.00
2013/07/26,12.48,12.74,12.41,12.51,37972630,593553216.00
2013/07/29,12.48,12.49,11.89,12.02,46485273,699296704.00
2013/07/30,12.07,12.21,11.39,11.86,44851068,658521792.00
2013/07/31,11.95,12.60,11.95,12.38,43416386,663602560.00
2013/08/01,12.31,12.64,12.31,12.52,31585954,490945280.00
2013/08/02,12.56,12.80,12.29,12.30,32158151,500634816.00
2013/08/05,12.31,12.48,12.23,12.40,24050235,369407488.00
2013/08/06,12.33,12.78,12.23,12.58,35301099,548705856.00
2013/08/07,12.58,12.68,12.03,12.05,38690149,592966208.00
2013/08/08,11.89,12.25,11.89,12.08,19392234,291732352.00
2013/08/09,12.19,12.73,12.13,12.43,39320106,610152832.00
2013/08/12,12.47,12.68,12.35,12.53,30166755,469396000.00
2013/08/13,12.53,12.71,12.36,12.52,15978470,248642688.00
2013/08/14,12.58,13.13,12.56,12.95,52413699,836944640.00
2013/08/15,13.17,13.21,12.66,12.79,32559515,520703872.00
2013/08/16,12.74,13.02,12.35,12.41,30975068,489458464.00
2013/08/19,12.43,13.69,12.43,13.69,76406550,1255567360.00
2013/08/20,13.73,13.90,13.50,13.79,51084245,865948864.00
2013/08/21,13.70,13.80,13.46,13.62,29991190,505978144.00
2013/08/22,13.93,14.41,13.63,13.75,51276259,891135744.00
2013/08/23,13.74,13.99,13.14,13.47,40008491,672372928.00
2013/08/26,13.54,14.27,13.54,14.06,41665402,723530304.00
2013/08/27,14.02,14.02,13.75,13.89,25899928,445084352.00
2013/08/28,13.81,13.83,13.53,13.58,25857462,437260960.00
2013/08/29,13.49,13.98,13.49,13.72,23442385,399774496.00
2013/08/30,13.73,13.77,13.08,13.23,31209137,518841408.00
2013/09/02,13.27,13.72,13.27,13.58,20222735,338965088.00
2013/09/03,13.67,13.85,13.48,13.74,19092554,324560544.00
2013/09/04,13.74,13.97,13.56,13.57,17446920,296888480.00
2013/09/05,13.54,13.90,13.46,13.85,24576236,418905152.00
2013/09/06,13.83,14.01,13.61,13.80,18259672,310690880.00
2013/09/09,13.98,14.02,13.52,13.66,35264215,596323648.00
2013/09/10,13.73,13.79,13.29,13.43,33974038,565612096.00
2013/09/11,13.41,13.43,12.31,12.68,48894526,774717824.00
2013/09/12,12.73,13.28,12.60,12.91,40522858,651146304.00
2013/09/13,12.98,13.10,12.68,12.94,20875767,334678784.00
2013/09/16,12.94,13.25,12.88,13.14,22252877,360216128.00
2013/09/17,13.14,13.14,12.64,12.83,20670144,329110976.00
2013/09/18,12.73,12.83,12.55,12.72,15017540,236914880.00
2013/09/23,12.74,13.58,12.74,13.49,46559476,763608768.00
2013/09/24,13.40,13.68,13.17,13.54,31941082,532017408.00
2013/09/25,13.56,14.01,13.33,13.77,37925267,643356096.00
2013/09/26,13.69,14.06,13.44,13.61,27420378,467496960.00
2013/09/27,13.74,13.94,13.28,13.33,25639827,430848704.00
2013/09/30,13.39,13.56,13.09,13.39,18948897,312532576.00
2013/10/08,13.58,14.78,13.56,14.63,82579647,1465139200.00
2013/10/09,14.46,14.61,14.19,14.40,52983084,942442944.00
2013/10/10,14.48,14.71,14.14,14.47,38771922,691790848.00
2013/10/11,14.55,14.63,14.25,14.38,32515676,578545600.00
2013/10/14,14.38,14.53,13.98,14.25,32210301,564442944.00
2013/10/15,14.25,14.68,13.96,14.31,39342523,700357632.00
2013/10/16,14.30,14.30,13.48,13.72,40899570,696040640.00
2013/10/17,13.94,14.14,13.56,13.60,26488671,454483520.00
2013/10/18,13.60,13.83,13.38,13.71,22410702,377776864.00
2013/10/21,13.77,14.21,13.77,14.10,33453009,580599360.00
2013/10/22,14.21,14.23,13.67,13.85,29401438,506056768.00
2013/10/23,13.86,13.94,12.80,12.89,56544533,925060864.00
2013/10/24,12.89,12.98,12.31,12.66,38073267,594882176.00
2013/10/25,12.64,12.78,12.10,12.24,29978733,461761280.00
2013/10/28,12.28,12.62,12.23,12.36,16475501,253793760.00
2013/10/29,12.39,12.52,11.44,12.04,25901667,388135936.00
2013/10/30,12.04,12.27,11.84,12.14,19987517,299243168.00
2013/10/31,12.17,12.31,11.84,12.21,20093458,300866560.00
2013/11/01,12.42,12.44,12.05,12.23,14562884,220976832.00
2013/11/04,12.23,12.93,12.16,12.64,31867118,499631616.00
2013/11/05,12.64,12.97,12.48,12.82,22205576,353371776.00
2013/11/06,12.81,12.96,12.52,12.54,22162701,349639392.00
2013/11/07,12.56,12.69,12.40,12.41,16077553,250173088.00
2013/11/08,12.38,12.48,11.87,11.92,23309306,349211616.00
2013/11/11,11.92,12.02,11.68,11.88,13240281,194622720.00
2013/11/12,11.93,12.17,11.93,12.06,13412289,201030656.00
2013/11/13,12.06,12.06,11.52,11.63,19312279,281243392.00
2013/11/14,11.73,11.95,11.44,11.79,15751378,229634832.00
2013/11/15,11.78,12.41,11.74,12.28,29804050,453118208.00
2013/11/18,12.39,12.97,12.23,12.79,36070923,565538304.00
2013/11/19,12.81,12.88,12.57,12.75,22476983,354575136.00
2013/11/20,12.85,13.18,12.79,13.18,39887766,643982912.00
2013/11/21,13.22,13.77,13.03,13.50,54170083,905398016.00
2013/11/22,13.54,13.67,13.12,13.15,27972796,461377664.00
2013/11/25,13.07,13.35,12.62,12.75,33473627,538769792.00
2013/11/26,12.68,12.96,12.68,12.89,19506647,310878816.00
2013/11/27,12.93,13.39,12.85,13.33,34795328,568433472.00
2013/11/28,13.71,13.79,13.08,13.12,45993258,760581632.00
2013/11/29,13.07,13.28,12.85,13.14,34324231,554501632.00
2013/12/02,12.73,13.18,12.63,12.65,34911666,556238144.00
2013/12/03,12.63,13.31,12.54,13.28,39168578,634083520.00
2013/12/04,13.31,13.73,13.27,13.57,64718381,1081853824.00
2013/12/05,13.64,13.64,12.73,12.73,132808930,2142467584.00
2013/12/06,12.66,12.66,12.19,12.26,69659862,1068251584.00
2013/12/09,12.22,12.35,12.07,12.23,35708437,540657856.00
2013/12/10,12.27,12.43,12.25,12.29,25184636,385990912.00
2013/12/11,12.23,12.23,11.89,12.00,28357591,423353952.00
2013/12/12,11.98,12.28,11.90,12.11,19181078,289720032.00
2013/12/13,12.06,12.15,11.92,11.98,17861643,266706096.00
2013/12/16,12.02,12.06,11.58,11.60,28003423,409866880.00
2013/12/17,11.60,11.80,11.42,11.62,21392444,309372768.00
2013/12/18,11.60,11.72,11.53,11.56,14452128,209122240.00
2013/12/19,11.66,11.79,11.54,11.63,20398431,296551776.00
2013/12/20,11.64,11.69,11.27,11.28,20661358,295050464.00
2013/12/23,11.33,11.45,10.93,10.99,25297501,351287392.00
2013/12/24,10.99,11.34,10.98,11.18,27267792,381258464.00
2013/12/25,11.21,11.25,10.98,11.17,23762384,328540256.00
2013/12/26,11.14,11.15,10.39,10.42,59058789,782574784.00
2013/12/27,10.43,10.63,10.32,10.48,36838654,482713344.00
2013/12/30,10.48,10.68,10.47,10.58,23839975,314816192.00
2013/12/31,10.54,10.59,10.39,10.45,24563486,322028224.00
2014/01/02,10.48,11.09,10.45,11.06,48647434,658145792.00
2014/01/03,11.03,11.31,10.91,11.28,44584431,619946368.00
2014/01/06,11.23,11.23,10.85,10.92,27875172,381455136.00
2014/01/07,10.80,10.88,10.63,10.70,19649533,263495504.00
2014/01/08,10.68,10.91,10.64,10.73,20405461,274570784.00
2014/01/09,10.68,11.05,10.66,10.74,27942643,379435104.00
2014/01/10,10.69,10.88,10.46,10.48,27295834,363742592.00
2014/01/13,10.48,10.58,9.83,9.94,38718061,492627424.00
2014/01/14,9.96,10.01,9.56,9.94,34338275,420938816.00
2014/01/15,9.95,10.00,9.76,9.86,24655821,305436640.00
2014/01/16,9.86,10.29,9.86,10.27,37681185,477299520.00
2014/01/17,10.18,10.33,9.98,10.05,26407004,335312800.00
2014/01/20,9.92,9.92,9.64,9.77,24032397,293793984.00
2014/01/21,9.98,10.30,9.98,10.21,34802650,443721056.00
2014/01/22,10.27,10.59,10.27,10.57,38205118,499662464.00
2014/01/23,10.61,10.78,10.50,10.59,31708283,421669952.00
2014/01/24,10.58,10.93,10.51,10.84,30703376,414040384.00
2014/01/27,10.73,11.03,10.65,10.84,26886951,363676960.00
2014/01/28,10.84,11.05,10.74,10.89,24010414,326531456.00
2014/01/29,10.89,10.95,10.77,10.81,19545887,264438496.00
2014/01/30,10.75,10.79,10.56,10.62,19329524,257852496.00
2014/02/07,10.52,10.97,10.40,10.95,30443619,408325568.00
2014/02/10,11.04,11.38,11.03,11.25,42994786,603275456.00
2014/02/11,11.25,11.45,11.07,11.12,41151223,576476224.00
2014/02/12,11.18,11.27,11.11,11.23,23726175,330891552.00
2014/02/13,11.22,11.22,10.85,10.87,39074004,535630176.00
2014/02/14,10.83,10.98,10.73,10.81,31069203,419522144.00
2014/02/17,10.90,11.56,10.85,11.52,72342616,1016680192.00
2014/02/18,11.52,11.54,11.26,11.42,45365170,644189184.00
2014/02/19,11.42,11.60,11.36,11.43,41072738,587556800.00
2014/02/20,11.49,11.58,11.13,11.15,34864845,490272768.00
2014/02/21,11.14,11.29,10.93,11.05,28191155,389919232.00
2014/02/24,11.05,11.05,10.63,10.82,31218464,420434720.00
2014/02/25,10.89,11.13,10.38,10.47,43393182,585154944.00
2014/02/26,10.45,10.62,10.13,10.39,29661042,385215136.00
2014/02/27,10.43,10.52,10.23,10.25,29115140,377885728.00
2014/02/28,10.48,10.59,10.14,10.52,28013932,364647168.00
2014/03/03,10.49,10.93,10.35,10.78,35749669,478856960.00
2014/03/04,10.64,11.00,10.56,10.98,40701699,549324160.00
2014/03/05,11.01,11.13,10.60,10.67,38422427,521113472.00
2014/03/06,10.67,10.82,10.33,10.70,38134071,504459616.00
2014/03/07,10.70,10.72,10.38,10.48,25465951,335885152.00
2014/03/10,10.32,10.33,9.77,9.89,48449939,606211968.00
2014/03/11,9.81,9.95,9.70,9.82,23206952,285820896.00
2014/03/12,9.83,9.91,9.63,9.78,22799366,279303232.00
2014/03/13,9.80,9.91,9.73,9.78,22625349,277991616.00
2014/03/14,9.75,9.76,9.56,9.63,30658678,370038208.00
2014/03/17,9.65,9.99,9.63,9.98,30797484,380513984.00
2014/03/18,10.03,10.12,9.88,9.89,20715938,258946704.00
2014/03/19,9.89,10.23,9.84,10.04,34515859,434980288.00
2014/03/20,10.06,10.33,9.97,10.04,41703052,530822208.00
2014/03/21,10.06,10.44,9.82,10.43,49479017,633672960.00
2014/03/24,10.44,10.53,10.25,10.37,30911211,400763424.00
2014/03/25,10.32,10.43,10.23,10.33,16857734,217616064.00
2014/03/26,10.33,10.37,10.15,10.21,14768124,189199488.00
2014/03/27,10.24,10.33,9.89,9.91,24880417,315209600.00
2014/03/28,9.94,10.18,9.89,9.97,21612311,271773312.00
2014/03/31,10.33,10.43,9.98,10.09,24309584,310258336.00
2014/04/01,10.27,10.53,10.21,10.51,48053992,625579264.00
2014/04/02,10.56,10.71,10.40,10.54,36118737,476021024.00
2014/04/03,10.54,10.59,10.23,10.30,33318121,432280160.00
2014/04/04,10.28,10.38,10.18,10.33,15052856,194237664.00
2014/04/08,10.25,10.47,10.21,10.44,29811598,386247456.00
2014/04/09,10.44,10.73,10.43,10.73,48497988,645182848.00
2014/04/10,10.70,10.83,10.63,10.75,32386624,433928800.00
2014/04/11,11.00,11.28,10.85,11.09,71311966,982610624.00
2014/04/14,11.10,11.38,10.93,10.98,66046631,918998016.00
2014/04/15,10.98,11.20,10.88,10.96,41232296,565781376.00
2014/04/16,10.93,10.96,10.73,10.77,36665873,495503520.00
2014/04/17,10.85,11.03,10.75,10.79,29257098,397072288.00
2014/04/18,10.97,11.04,10.86,10.88,38921897,531513344.00
2014/04/21,10.78,10.93,10.64,10.66,28920192,388872160.00
2014/04/22,10.68,10.96,10.68,10.96,36972875,498727584.00
2014/04/23,10.97,11.02,10.73,10.78,31916665,433465056.00
2014/04/24,10.77,10.84,10.45,10.52,32541531,431503200.00
2014/04/25,10.55,10.58,10.23,10.28,28198936,367045216.00
2014/04/28,10.48,10.55,10.28,10.31,34402960,448061312.00
2014/04/29,10.31,10.63,10.28,10.63,24448099,320274592.00
2014/04/30,10.65,10.69,10.49,10.54,21131704,279417440.00
2014/05/05,10.46,10.48,10.26,10.45,22689201,293826208.00
2014/05/06,10.43,10.65,10.40,10.53,22042866,291242848.00
2014/05/07,10.53,10.53,10.26,10.32,20559820,266160784.00
2014/05/08,10.28,10.44,10.06,10.06,28295425,362250432.00
2014/05/09,10.03,10.22,9.92,10.09,20412438,256506320.00
2014/05/12,10.18,10.43,10.15,10.36,25661520,331291744.00
2014/05/13,10.37,10.54,10.27,10.40,22226288,289547552.00
2014/05/14,10.39,10.43,10.29,10.33,13725070,177651936.00
2014/05/15,10.29,10.38,10.02,10.03,16541660,210633728.00
2014/05/16,10.03,10.11,9.93,10.00,15556893,195183600.00
2014/05/19,9.98,10.00,9.77,9.81,22118255,272766016.00
2014/05/20,9.88,9.95,9.76,9.83,15513781,191596400.00
2014/05/21,9.80,10.01,9.74,10.00,14269144,177087184.00
2014/05/22,10.01,10.09,9.92,9.92,18800625,235649472.00
2014/05/23,9.93,10.13,9.88,10.13,20377204,255471920.00
2014/05/26,10.23,10.28,10.12,10.16,15545708,198133408.00
2014/05/27,10.19,10.21,10.08,10.08,14258856,180974448.00
2014/05/28,10.14,10.61,10.10,10.54,59057517,770535232.00
2014/05/29,10.48,10.55,10.33,10.39,29038350,378344704.00
2014/05/30,10.35,10.61,10.33,10.52,30215968,395848160.00
2014/06/03,10.52,10.64,10.41,10.42,21324999,280320704.00
2014/06/04,10.43,10.45,10.13,10.28,24703160,317473504.00
2014/06/05,10.23,10.49,10.21,10.46,18628910,241688048.00
2014/06/06,10.48,10.49,10.24,10.30,14564461,188368032.00
2014/06/09,10.23,10.32,10.03,10.06,24210033,308520768.00
2014/06/10,10.14,10.35,10.11,10.32,20792617,266984496.00
2014/06/11,10.31,10.48,10.23,10.46,28780034,374344800.00
2014/06/12,10.44,10.46,10.32,10.39,16904392,219647808.00
2014/06/13,10.36,10.63,10.35,10.49,32343894,425725664.00
2014/06/16,10.51,10.78,10.51,10.71,44915186,599675840.00
2014/06/17,10.68,10.73,10.54,10.58,26112773,346516640.00
2014/06/18,10.55,10.61,10.43,10.48,20502359,269116512.00
2014/06/19,10.46,10.57,10.08,10.18,31737759,409478464.00
2014/06/20,10.20,10.25,10.06,10.21,19110437,243197008.00
2014/06/23,10.26,10.33,10.14,10.19,14905304,191179888.00
2014/06/24,10.17,10.33,10.17,10.25,15352024,196827552.00
2014/06/25,10.27,10.28,10.12,10.25,13990358,178294704.00
2014/06/26,10.23,10.39,10.22,10.35,22168468,286659648.00
2014/06/27,10.35,10.55,10.29,10.44,30310777,395260672.00
2014/06/30,10.50,10.58,10.43,10.49,24480351,321418752.00
2014/07/01,10.52,10.63,10.41,10.58,28188763,371033088.00
2014/07/02,10.59,10.63,10.43,10.58,27581910,363326336.00
2014/07/03,10.57,10.68,10.47,10.58,31531410,417606208.00
2014/07/04,10.58,10.60,10.48,10.50,23440773,308670336.00
2014/07/07,10.50,10.68,10.48,10.58,24551718,324275040.00
2014/07/08,10.55,10.64,10.48,10.61,25259791,333699104.00
2014/07/09,10.60,10.74,10.38,10.39,48553030,642084224.00
2014/07/10,10.39,10.43,10.17,10.23,32503958,419125312.00
2014/07/11,10.23,10.33,10.20,10.31,18365540,236418432.00
2014/07/14,10.35,10.43,10.32,10.42,20242997,262905024.00
2014/07/15,10.64,11.03,10.64,10.81,97545023,1319223424.00
2014/07/16,10.85,10.87,10.70,10.74,43254813,583096192.00
2014/07/17,10.74,10.83,10.66,10.80,27641395,371286208.00
2014/07/18,10.76,10.85,10.72,10.73,26325506,353989184.00
2014/07/21,10.71,10.71,10.53,10.56,27002531,357571264.00
2014/07/22,10.58,10.74,10.53,10.70,28260697,376148768.00
2014/07/23,10.68,10.69,10.53,10.54,30492400,403311392.00
2014/07/24,10.58,10.77,10.50,10.72,39999706,531797152.00
2014/07/25,10.81,10.90,10.72,10.84,49840151,672026560.00
2014/07/28,10.93,11.07,10.86,11.00,71275947,974693504.00
2014/07/29,11.03,11.31,11.03,11.14,69016469,962893632.00
2014/07/30,11.14,11.23,11.01,11.07,44600736,616528192.00
2014/07/31,11.05,11.14,10.99,11.14,31604534,435373600.00
2014/08/01,11.11,11.16,10.88,10.90,47894618,656456960.00
2014/08/04,10.88,11.13,10.88,11.13,39271055,540246720.00
2014/08/05,11.13,11.41,11.13,11.28,54513997,766019328.00
2014/08/06,11.28,11.31,11.12,11.25,31929352,445111424.00
2014/08/07,11.29,11.47,11.15,11.18,44453655,625193472.00
2014/08/08,11.33,11.40,11.21,11.30,32871172,462451456.00
2014/08/11,11.33,11.43,11.30,11.37,34730196,490547968.00
2014/08/12,11.32,11.34,11.14,11.24,45160546,630197184.00
2014/08/13,11.18,11.36,11.06,11.34,45859434,639005120.00
2014/08/14,11.34,11.37,11.09,11.13,34170830,477842816.00
2014/08/15,11.13,11.28,11.08,11.23,28849653,402365792.00
2014/08/18,11.25,11.43,11.12,11.40,60414391,846714048.00
2014/08/19,11.40,11.63,11.35,11.52,68137730,975322048.00
2014/08/20,11.53,11.66,11.42,11.58,43228230,619844352.00
2014/08/21,11.73,11.73,11.40,11.52,52870123,759064640.00
2014/08/22,11.52,11.60,11.42,11.52,44330843,634920896.00
2014/08/25,11.53,11.55,11.25,11.31,32752707,463438944.00
2014/08/26,11.32,11.38,11.08,11.14,35659284,496963744.00
2014/08/27,11.13,11.28,11.08,11.18,21864009,305016704.00
2014/08/28,11.18,11.23,11.06,11.08,22490426,311724128.00
2014/08/29,11.08,11.23,11.06,11.22,21702594,301638208.00
2014/09/01,11.38,11.50,11.36,11.39,36938756,524565312.00
2014/09/02,11.42,11.57,11.35,11.55,52003186,740853120.00
2014/09/03,11.57,11.61,11.46,11.53,46062785,659833024.00
2014/09/04,11.54,11.63,11.46,11.58,50305602,721834432.00
2014/09/05,11.58,11.64,11.38,11.53,48773897,698499264.00
2014/09/09,11.53,11.56,11.43,11.50,35601315,508714848.00
2014/09/10,11.48,11.81,11.42,11.73,75402565,1091647360.00
2014/09/11,11.73,11.81,11.54,11.57,62657952,908763520.00
2014/09/12,11.58,11.68,11.53,11.62,32669981,471133088.00
2014/09/15,11.63,11.68,11.48,11.60,45086943,648547008.00
2014/09/16,11.61,11.64,11.15,11.18,63059460,894791936.00
2014/09/17,11.21,11.38,11.10,11.32,46482063,650561984.00
2014/09/18,11.48,11.67,11.41,11.45,55520825,794953408.00
2014/09/19,11.58,11.87,11.38,11.80,109187986,1584329088.00
2014/09/22,11.80,12.16,11.70,11.95,110199319,1638681344.00
2014/09/23,11.96,11.98,11.76,11.97,50899531,751607360.00
2014/09/24,11.90,12.13,11.90,12.08,70274256,1049679104.00
2014/09/25,12.10,12.20,11.81,11.87,63398250,944790720.00
2014/09/26,11.84,12.17,11.78,12.00,51032279,760035968.00
2014/09/29,12.08,12.48,12.07,12.30,68183580,1040742400.00
2014/09/30,12.30,12.33,12.15,12.22,43236879,655571328.00
2014/10/08,12.22,12.28,12.13,12.22,41572996,629930304.00
2014/10/09,12.50,12.63,12.23,12.42,80612197,1241382144.00
2014/10/10,12.33,12.33,12.13,12.21,59799611,906245056.00
2014/10/13,12.15,12.15,11.90,12.06,39700063,592087808.00
2014/10/14,12.00,12.23,11.93,12.00,35183251,526955328.00
2014/10/15,11.99,12.18,11.98,12.08,33402518,500850752.00
2014/10/16,12.00,12.17,11.86,11.88,42722628,637347840.00
2014/10/17,11.90,11.96,11.58,11.78,46373215,676538816.00
2014/10/20,11.87,11.98,11.83,11.94,27531809,407692160.00
2014/10/21,11.97,12.00,11.68,11.68,37437632,549472064.00
2014/10/22,11.79,11.82,11.67,11.69,25102406,366317376.00
2014/10/23,11.68,11.78,11.54,11.73,29944409,433901536.00
2014/10/24,11.83,11.95,11.72,11.83,41269522,607129920.00
2014/10/27,11.82,11.93,11.66,11.87,26217754,384859936.00
2014/10/28,11.90,12.10,11.90,12.08,46304829,690034048.00
2014/10/29,12.13,12.19,12.01,12.11,56368826,846354304.00
2014/10/30,12.09,12.16,12.00,12.08,39436849,591107072.00
2014/10/31,12.13,12.28,11.98,12.25,73504346,1109531136.00
2014/11/03,12.25,12.30,12.06,12.13,47418947,716574144.00
2014/11/04,12.11,12.14,12.00,12.05,34645330,518792256.00
2014/11/05,12.07,12.48,12.07,12.27,85261689,1305062656.00
2014/11/06,12.28,12.41,12.09,12.19,44282347,670201728.00
2014/11/07,12.21,12.27,11.92,11.94,59970122,900036864.00
2014/11/10,12.03,12.20,11.96,12.18,45834378,688472704.00
2014/11/11,12.23,12.28,11.78,11.97,68048113,1017185856.00
2014/11/12,11.97,12.04,11.84,12.00,35324998,523909088.00
2014/11/13,12.03,12.12,11.82,11.84,47776370,707730560.00
2014/11/14,11.83,12.00,11.79,11.92,27481286,406145056.00
2014/11/17,11.98,12.09,11.88,11.96,36395411,542048064.00
2014/11/18,11.96,12.04,11.92,11.98,29324877,436158624.00
2014/11/19,11.98,12.35,11.94,12.24,81800921,1237930240.00
2014/11/20,12.22,12.22,12.01,12.06,40544068,608393152.00
2014/11/21,12.03,12.08,11.92,12.08,39665994,591259904.00
2014/11/24,12.19,12.30,12.09,12.18,75906874,1148801152.00
2014/11/25,12.21,12.70,12.21,12.58,122228600,1891090688.00
2014/11/26,12.71,12.71,12.37,12.48,75346903,1165154304.00
2014/11/27,12.55,12.58,12.38,12.49,59897209,925656704.00
2014/11/28,12.49,12.71,12.39,12.65,92272816,1437603968.00
2014/12/01,12.67,12.89,12.42,12.44,82095159,1286145280.00
2014/12/02,12.44,12.63,12.36,12.52,65802745,1021662336.00
2014/12/03,12.53,13.03,12.53,13.03,125668982,1998504448.00
2014/12/04,13.08,13.29,12.88,13.22,121885155,1983081088.00
2014/12/05,13.27,13.66,12.69,13.06,133565091,2177673472.00
2014/12/08,13.07,14.04,12.93,14.04,139181892,2339255040.00
2014/12/09,14.15,15.40,13.58,13.74,222837285,4017916160.00
2014/12/10,13.89,14.58,13.88,14.51,120649313,2131946240.00
2014/12/11,14.51,14.53,13.94,14.16,110839869,1950272768.00
2014/12/12,14.18,14.48,13.85,14.03,81520445,1424397568.00
2014/12/15,14.08,14.09,13.68,14.05,76553255,1312644608.00
2014/12/16,14.07,14.14,13.68,14.05,96336113,1652694016.00
2014/12/17,14.60,15.50,14.58,15.50,306949933,5801366016.00
2014/12/18,15.58,15.73,15.15,15.26,187049761,3550734336.00
2014/12/19,15.31,15.63,14.77,15.26,125995207,2355901440.00
2014/12/22,15.38,15.66,14.67,14.84,125863188,2360506624.00
2014/12/23,14.72,15.19,14.59,14.65,73642496,1352242560.00
2014/12/24,14.72,14.83,14.15,14.32,81131162,1440189056.00
2014/12/25,14.32,14.96,14.19,14.93,89680814,1624911104.00
2014/12/26,14.96,15.03,14.63,14.89,82131000,1503593856.00
2014/12/29,15.04,15.40,14.63,14.83,83405802,1547979520.00
2014/12/30,14.79,15.23,14.61,14.75,71072772,1309820032.00
2014/12/31,14.71,14.83,14.30,14.63,80867041,1454040064.00
2015/01/05,15.08,15.72,14.83,15.43,143968211,2716251136.00
2015/01/06,15.33,16.57,15.21,16.34,161806478,3151267072.00
2015/01/07,16.17,16.35,15.82,16.01,95703739,1892496128.00
2015/01/08,16.09,16.90,15.95,16.24,130097189,2629735936.00
2015/01/09,16.15,16.57,15.84,15.88,98999264,1980586112.00
2015/01/12,15.75,15.87,15.33,15.53,69393811,1334164096.00
2015/01/13,15.51,16.07,15.50,15.59,56962105,1108160000.00
2015/01/14,15.65,15.98,15.32,15.56,48180203,926512896.00
2015/01/15,15.75,15.96,15.42,15.96,55102695,1072296000.00
2015/01/16,16.08,16.23,15.78,16.06,58760468,1157495424.00
2015/01/19,15.25,15.67,14.41,14.58,111342449,2075416320.00
2015/01/20,15.13,15.58,14.84,15.48,107416866,2023512704.00
2015/01/21,15.75,16.13,15.53,15.98,89621569,1748863616.00
2015/01/22,15.96,16.22,15.79,16.01,73933509,1456001920.00
2015/01/23,16.43,16.64,15.84,15.98,80655054,1609145344.00
2015/01/26,16.13,16.63,16.12,16.57,89385594,1804030592.00
2015/01/27,16.57,16.87,16.00,16.33,85591569,1728825984.00
2015/01/28,16.32,16.32,15.92,15.98,53000546,1049413440.00
2015/01/29,15.83,15.97,15.57,15.68,49362616,957546368.00
2015/01/30,15.81,15.95,15.52,15.57,41852340,808876864.00
2015/02/02,15.42,15.42,15.08,15.13,45334403,851627200.00
2015/02/03,15.28,15.54,15.15,15.53,50501165,955744512.00
2015/02/04,15.54,15.57,15.08,15.11,45832449,866016128.00
2015/02/05,15.33,15.73,15.08,15.20,67046586,1273626880.00
2015/02/06,15.22,15.32,14.68,14.78,45534821,838627008.00
2015/02/09,14.77,15.08,14.73,14.83,31473811,579591488.00
2015/02/10,15.03,15.20,14.84,15.20,32918809,610486784.00
2015/02/11,15.49,16.02,15.42,16.00,80716560,1567350016.00
2015/02/12,16.07,16.38,15.71,15.90,81718501,1611749248.00
2015/02/13,16.00,16.32,15.89,15.99,69092350,1368920960.00
2015/02/16,16.15,16.78,16.00,16.78,107812061,2187347968.00
2015/02/17,16.93,17.02,16.43,16.44,75181971,1536232704.00
2015/02/25,16.48,16.48,15.93,15.97,61685882,1223862528.00
2015/02/26,16.07,16.30,15.96,16.25,48648985,966515136.00
2015/02/27,16.38,17.04,16.30,16.72,103930154,2137258752.00
2015/03/02,16.91,16.91,16.38,16.63,89615622,1830553856.00
2015/03/03,16.62,16.63,16.05,16.08,86037004,1725048448.00
2015/03/04,16.08,16.67,16.07,16.39,73235120,1481674240.00
2015/03/05,16.33,16.37,16.01,16.17,49438643,981137792.00
2015/03/06,16.17,16.28,15.87,15.88,47458497,935960960.00
2015/03/09,15.89,16.32,15.63,16.23,49768243,982054080.00
2015/03/10,16.27,16.33,16.02,16.13,40336371,803968064.00
2015/03/11,16.13,16.29,15.94,16.01,40023300,792165184.00
2015/03/12,16.03,16.15,15.92,16.13,41964887,828275008.00
2015/03/13,16.23,16.40,16.06,16.38,51450172,1027601088.00
2015/03/16,16.12,16.64,16.02,16.59,95305731,1924453760.00
2015/03/17,16.63,17.20,16.50,16.88,130081718,2697382400.00
2015/03/18,16.99,17.17,16.77,17.13,99114827,2064136320.00
2015/03/19,17.25,17.47,16.85,17.00,109987149,2319857408.00
2015/03/20,17.00,17.23,16.82,17.03,87683994,1834411904.00
2015/03/23,17.13,17.83,17.13,17.83,131585016,2840041984.00
2015/03/24,17.83,18.48,17.48,18.36,147642296,3267323904.00
2015/03/25,18.39,18.57,17.78,18.09,98531501,2192199168.00
2015/03/26,18.31,18.33,17.75,17.85,101830936,2250129664.00
2015/03/27,17.89,18.07,17.68,17.80,70724020,1548729600.00
2015/03/30,17.96,18.33,17.96,18.17,102590621,2286447104.00
2015/03/31,18.19,18.36,17.78,17.80,95794362,2119187072.00
2015/04/01,17.80,18.66,17.74,18.48,133142517,2971842304.00
2015/04/02,18.58,18.65,18.03,18.27,102770984,2308618240.00
2015/04/03,18.10,18.48,18.01,18.19,99635267,2229843200.00
2015/04/07,19.31,19.81,18.83,19.03,165544933,3910702592.00
2015/04/08,19.13,20.10,18.78,19.87,180695846,4311787520.00
2015/04/09,19.88,20.24,18.94,19.38,124942286,2986319360.00
2015/04/10,19.38,19.89,19.22,19.75,103316096,2482142208.00
2015/04/13,20.13,20.23,19.79,19.93,100200806,2457365248.00
2015/04/14,20.02,20.08,19.25,19.39,111005968,2657968640.00
2015/04/15,19.75,20.04,19.30,19.43,103546414,2497251072.00
2015/04/16,19.46,21.00,19.46,20.59,153567133,3822332160.00
2015/04/17,20.83,21.67,20.58,21.36,180129157,4633360384.00
2015/04/20,21.42,23.51,20.83,22.27,219975441,5979197952.00
2015/04/21,22.42,23.48,21.75,23.15,166874967,4608103424.00
2015/04/22,23.42,23.58,22.97,23.14,132350942,3761946624.00
2015/04/23,23.22,24.48,22.89,23.98,158322545,4560464896.00
2015/04/24,23.58,24.82,23.34,23.56,148733778,4361618432.00
2015/04/27,23.90,24.30,23.52,23.86,115946705,3369531648.00
2015/04/28,23.86,24.03,22.53,22.88,131941690,3730326016.00
2015/04/29,22.93,25.22,22.93,25.22,183083422,5420529664.00
2015/04/30,26.23,26.47,25.07,25.54,165734852,5180039168.00
2015/05/04,26.00,26.68,25.13,25.33,119245927,3766953984.00
2015/05/05,25.14,25.14,23.04,23.33,147433682,4314335232.00
2015/05/06,23.54,23.97,22.31,22.69,108679665,3081263360.00
2015/05/07,22.58,23.17,22.36,22.73,74335037,2071195264.00
2015/05/08,23.08,24.15,22.83,24.15,117425602,3363720704.00
2015/05/11,24.67,24.86,24.15,24.73,142453483,4263283456.00
2015/05/12,24.79,25.64,24.67,25.03,120441822,3689510656.00
2015/05/13,25.07,26.67,25.06,26.67,191065990,6045679104.00
2015/05/14,27.58,28.47,26.43,26.50,204985841,6875051520.00
2015/05/15,26.13,26.15,25.01,25.21,130094944,4031546368.00
2015/05/18,25.29,26.25,25.21,25.92,115122554,3611727872.00
2015/05/19,26.08,26.24,25.25,26.07,99590216,3129315328.00
2015/05/20,26.21,27.36,26.00,26.22,134530117,4373178880.00
2015/05/21,26.64,27.33,26.33,27.07,126844708,4147988480.00
2015/05/22,27.50,27.64,26.42,27.02,126462742,4142074624.00
2015/05/25,26.75,28.28,26.57,28.07,152894222,5111302144.00
2015/05/26,28.24,28.53,27.50,28.38,148432697,5077139968.00
2015/05/27,28.38,28.43,27.34,27.66,127697208,4318838272.00
2015/05/28,27.58,27.62,25.07,25.15,138074073,4488033792.00
2015/05/29,25.41,26.03,24.07,25.32,109102749,3372243712.00
2015/06/01,25.35,26.44,25.35,26.19,101524215,3226584832.00
2015/06/02,26.20,26.88,25.83,26.65,109557385,3524215552.00
2015/06/03,26.69,26.82,25.65,26.04,93016597,2964265216.00
2015/06/04,26.00,26.63,23.74,25.94,99356792,3099321600.00
2015/06/05,26.26,26.63,25.58,26.18,103765263,3317012992.00
2015/06/08,26.11,26.25,25.25,25.94,99614279,3127281408.00
2015/06/09,26.00,26.60,25.78,26.43,104973813,3355134464.00
2015/06/10,26.46,27.33,25.92,26.95,128671185,4183733760.00
2015/06/11,26.75,27.48,26.58,27.25,114723244,3782156800.00
2015/06/12,27.29,27.40,26.75,26.76,94585623,3110606336.00
2015/06/15,26.53,26.53,25.09,25.22,113162881,3542806528.00
2015/06/16,24.96,24.98,23.61,23.83,89632516,2650931456.00
2015/06/17,23.83,24.68,23.83,24.58,71182394,2104051456.00
2015/06/18,24.58,24.61,22.92,23.31,67487728,1972435840.00
2015/06/19,23.33,23.58,21.25,21.28,82946635,2273966336.00
2015/06/23,21.57,22.25,20.43,22.23,79903099,2117649792.00
2015/06/24,22.42,22.73,21.92,22.53,69456962,1902702848.00
2015/06/25,22.52,22.63,21.25,21.46,70543456,1907151104.00
2015/06/26,21.12,21.16,19.28,19.28,95972795,2355985152.00
2015/06/29,20.00,20.08,17.31,17.63,121497451,2740571648.00
2015/06/30,17.72,19.43,16.89,19.43,129264546,2918639104.00
2015/07/01,19.04,20.51,18.76,19.07,128574100,3132035072.00
2015/07/02,19.35,19.69,17.75,18.33,95192316,2211755008.00
2015/07/03,17.96,19.27,16.51,17.33,108818733,2389892096.00
2015/07/06,19.11,19.11,16.67,18.03,129986466,2884716288.00
2015/07/07,17.48,18.03,16.18,16.22,166559453,3390499840.00
2015/07/08,14.55,14.92,14.55,14.55,149094832,2681254400.00
2015/07/14,16.05,16.05,16.05,16.05,6390426,126274816.00
2015/07/15,17.70,17.70,17.13,17.70,197971018,4296087552.00
2015/07/16,17.33,18.50,16.57,18.08,174968018,3823393024.00
2015/07/17,18.54,19.73,18.11,19.54,159196034,3069225984.00
2015/07/20,19.75,20.92,19.65,20.41,179940465,3696083712.00
2015/07/21,20.05,21.02,19.76,20.59,144823368,3033469952.00
2015/07/22,21.06,21.75,20.65,21.28,173172295,3718144768.00
2015/07/23,21.28,21.72,20.85,21.65,152567888,3297573120.00
2015/07/24,21.75,22.23,20.86,21.12,183572118,4037155584.00
2015/07/27,20.73,21.35,18.98,18.98,157170216,3224834560.00
2015/07/28,18.45,19.54,17.25,18.99,171079631,3204251392.00
2015/07/29,19.40,20.52,18.82,20.37,121074853,2377784064.00
2015/07/30,20.43,20.94,19.72,19.74,111888129,2324786688.00
2015/07/31,19.65,20.20,19.34,19.73,74737687,1499102720.00
2015/08/03,19.65,19.87,18.42,18.75,79743728,1544510080.00
2015/08/04,18.77,20.31,18.77,20.30,89437824,1775623552.00
2015/08/05,20.28,20.49,19.57,19.71,89483623,1812289024.00
2015/08/06,19.25,19.95,19.07,19.53,55143707,1093399296.00
2015/08/07,19.85,20.45,19.73,20.40,93438243,1903214208.00
2015/08/10,20.55,21.62,20.40,21.36,132464959,2819512576.00
2015/08/11,21.40,21.40,20.78,21.07,111248741,2375784960.00
2015/08/12,20.74,21.21,20.55,20.63,80676183,1704088448.00
2015/08/13,20.52,21.11,20.19,21.11,97702110,2050819968.00
2015/08/14,21.24,21.49,20.93,21.07,101188843,2169254400.00
2015/08/17,20.90,21.23,20.55,21.23,76900073,1623710464.00
2015/08/18,21.33,21.35,19.08,19.08,131718853,2685544960.00
2015/08/19,18.65,19.74,18.20,19.52,92271553,1782853760.00
2015/08/20,19.35,20.09,19.00,19.21,79814385,1579959168.00
2015/08/21,18.75,19.11,17.75,17.90,82011986,1531745664.00
2015/08/24,17.26,17.30,16.09,16.09,118241521,1950612480.00
2015/08/25,14.70,15.92,14.46,14.46,116569335,1759079680.00
2015/08/26,14.78,15.32,13.89,14.25,102599193,1539624448.00
2015/08/27,14.85,15.70,14.65,15.70,111904581,1713151232.00
2015/08/28,16.14,17.02,15.88,16.79,113292305,1876948736.00
2015/08/31,16.60,16.60,15.76,16.50,91588431,1508211840.00
2015/09/01,16.16,16.41,15.25,16.34,88169376,1431467008.00
2015/09/02,15.50,16.60,15.45,16.39,110729700,1826960384.00
2015/09/07,16.93,17.42,15.75,15.81,101114853,1709641984.00
2015/09/08,15.80,16.70,15.50,16.62,57890891,944556544.00
2015/09/09,16.72,17.25,16.55,16.98,93292275,1599966848.00
2015/09/10,16.61,16.86,16.51,16.54,37920760,642611584.00
2015/09/11,16.55,17.11,16.55,16.76,47033360,803361024.00
2015/09/14,17.01,17.07,15.43,15.72,68944085,1125737216.00
2015/09/15,15.41,15.89,14.61,14.66,52146635,806254848.00
2015/09/16,14.85,16.15,14.72,15.98,64917736,1014996800.00
2015/09/17,16.03,16.50,15.52,15.54,70364495,1147797376.00
2015/09/18,15.83,16.00,15.55,15.83,38026898,609723584.00
2015/09/21,15.56,16.40,15.48,16.35,45498822,741925376.00
2015/09/22,16.45,16.62,16.11,16.37,45667262,761042176.00
2015/09/23,16.04,16.29,15.91,15.99,37098190,606640448.00
2015/09/24,16.25,16.59,16.17,16.35,49254208,819223744.00
2015/09/25,16.35,16.51,15.45,15.58,53803698,866960704.00
2015/09/28,15.70,15.79,15.26,15.73,28916071,457108032.00
2015/09/29,15.38,15.49,15.04,15.28,33521107,519804512.00
2015/09/30,15.40,15.56,15.22,15.35,23959060,374619648.00
2015/10/08,16.03,16.23,15.83,15.93,46990613,764188864.00
2015/10/09,16.01,16.44,15.94,16.28,51496885,847628800.00
2015/10/12,16.50,17.22,16.37,16.97,75509026,1292135936.00
2015/10/13,16.86,17.06,16.65,16.94,59930266,1024516928.00
2015/10/14,17.03,17.22,16.76,16.94,57084889,982515904.00
2015/10/15,16.92,17.82,16.90,17.64,95705694,1683210752.00
2015/10/16,17.65,17.74,17.22,17.53,77887533,1379598208.00
2015/10/19,17.62,17.68,17.13,17.28,67322427,1191267712.00
2015/10/20,17.34,17.93,17.18,17.88,86931624,1555976832.00
2015/10/21,17.90,17.91,16.50,16.60,91090107,1592639872.00
2015/10/22,16.65,17.04,16.36,16.96,73198068,1245254656.00
2015/10/23,17.05,17.46,16.89,17.38,73399381,1278127616.00
2015/10/26,17.50,17.84,17.38,17.56,71551399,1275671680.00
2015/10/27,17.39,17.50,16.65,17.36,61893310,1072311168.00
2015/10/28,17.55,18.03,17.40,17.50,98107743,1767639680.00
2015/10/29,17.73,17.90,17.26,17.66,61848483,1105835904.00
2015/10/30,17.67,17.87,17.37,17.60,56195415,1006955456.00
2015/11/02,17.25,17.84,17.13,17.13,54110319,958279040.00
2015/11/03,17.13,17.39,16.93,17.04,42733736,744341056.00
2015/11/04,17.10,18.03,17.10,18.03,91065799,1631456128.00
2015/11/05,17.95,18.89,17.87,18.27,176683279,3290923520.00
2015/11/06,18.25,19.43,18.20,19.43,166018323,3173401088.00
2015/11/09,19.21,19.62,18.90,19.44,115063530,2241764608.00
2015/11/10,19.14,19.27,18.78,19.07,85706909,1654853632.00
2015/11/11,18.95,19.20,18.67,19.15,71809249,1375514240.00
2015/11/12,18.98,19.08,18.54,18.74,77375907,1469359360.00
2015/11/13,18.55,18.80,18.31,18.50,56485736,1060628928.00
2015/11/16,18.25,19.05,18.10,19.04,63812735,1210489984.00
2015/11/17,19.13,19.18,18.40,18.44,121638937,2313162752.00
2015/11/18,18.44,18.50,18.15,18.15,45991601,852305728.00
2015/11/19,18.23,18.52,18.11,18.47,44468100,826587008.00
2015/11/20,18.43,18.85,18.27,18.64,66590653,1253797888.00
2015/11/23,18.62,18.79,18.13,18.19,59903350,1119220480.00
2015/11/24,18.60,18.84,18.35,18.77,81678470,1542769920.00
2015/11/25,18.80,18.85,18.55,18.79,59072221,1119529856.00
2015/11/26,18.93,19.00,18.51,18.55,57413776,1091522048.00
2015/11/27,18.55,18.56,17.16,17.33,70325148,1272816512.00
2015/11/30,17.39,17.61,16.76,17.23,51031523,891034880.00
2015/12/01,17.23,17.61,17.05,17.44,37414567,658333248.00
2015/12/02,17.38,18.03,17.28,17.93,56700036,1018318720.00
2015/12/03,17.92,18.01,17.70,17.89,39663563,717165760.00
2015/12/04,17.76,17.85,17.45,17.48,34888910,623783296.00
2015/12/07,17.57,17.84,17.47,17.74,26436615,473303296.00
2015/12/08,17.61,17.61,17.22,17.25,28624652,503836896.00
2015/12/09,17.13,17.41,17.09,17.27,20733002,363452864.00
2015/12/10,17.27,17.75,17.26,17.41,35054650,622718656.00
2015/12/11,17.36,17.58,17.27,17.43,25421547,449525600.00
2015/12/14,17.24,17.85,17.16,17.85,41830460,746421376.00
2015/12/15,17.86,18.53,17.86,18.45,74562090,1375990272.00
2015/12/16,18.45,18.50,18.05,18.10,54072625,999996736.00
2015/12/17,18.23,18.62,18.18,18.38,57544222,1073279296.00
2015/12/18,18.33,18.64,18.26,18.53,54098130,1011030400.00
2015/12/21,18.70,19.45,18.57,19.16,107597485,2081953792.00
2015/12/22,19.22,19.31,18.61,18.86,75733610,1446471168.00
2015/12/23,18.79,19.01,18.55,18.55,58003385,1103855616.00
2015/12/24,18.56,18.90,18.50,18.65,38859418,734865984.00
2015/12/25,18.71,18.90,18.58,18.76,34257489,651420032.00
2015/12/28,18.83,19.09,18.10,18.11,63309452,1196703360.00
2015/12/29,18.17,18.43,18.05,18.36,30192677,559544384.00
2015/12/30,18.43,19.24,18.40,18.90,78681465,1509686656.00
2015/12/31,18.82,18.82,18.37,18.38,43611572,821507136.00
2016/01/04,18.33,18.55,16.64,16.67,45769209,817779008.00
2016/01/05,16.26,17.20,16.26,16.97,67638723,1150281216.00
2016/01/06,16.93,17.18,16.75,17.13,38269197,658376256.00
2016/01/07,16.65,16.80,15.44,15.53,14639080,240238960.00
2016/01/08,16.16,16.30,15.45,15.98,55332938,900927168.00
2016/01/11,15.83,16.20,15.10,15.22,52827661,844013056.00
2016/01/12,15.45,15.53,15.15,15.32,30748917,480009152.00
2016/01/13,15.45,15.60,14.96,14.97,32163197,502361088.00
2016/01/14,14.60,15.42,14.50,15.35,39831967,607733440.00
2016/01/15,15.29,15.29,14.61,14.74,32965337,499703168.00
2016/01/18,14.35,15.06,14.26,14.89,26706304,402001536.00
2016/01/19,14.84,15.37,14.76,15.30,32060080,493963424.00
2016/01/20,15.60,16.05,15.39,15.45,51098302,815374784.00
2016/01/21,15.34,15.90,15.25,15.26,46255445,733937920.00
2016/01/22,15.51,15.64,15.15,15.54,28047772,440303168.00
2016/01/25,15.74,15.81,15.44,15.55,23535291,373508544.00
2016/01/26,15.40,15.40,14.19,14.27,42041672,633077696.00
2016/01/27,14.33,14.50,13.58,14.28,39812847,568881280.00
2016/01/28,14.05,14.29,13.43,13.60,30629694,434133472.00
2016/01/29,13.74,14.29,13.50,14.09,38171826,543410176.00
2016/02/01,14.05,14.14,13.75,13.93,23952331,340328864.00
2016/02/02,13.97,14.45,13.95,14.30,31513233,457744096.00
2016/02/03,14.13,14.24,13.85,14.16,23202474,332001056.00
2016/02/04,14.22,14.57,14.22,14.36,29474326,431547936.00
2016/02/05,14.35,14.44,14.20,14.21,20057431,291804064.00
2016/02/15,13.75,14.12,13.67,13.93,28149920,397506240.00
2016/02/16,14.10,14.58,14.03,14.52,36760222,538364928.00
2016/02/17,14.63,14.92,14.49,14.79,36685731,549691136.00
2016/02/18,14.97,15.03,14.63,14.65,31024125,467043136.00
2016/02/19,14.66,15.01,14.65,14.85,32953994,498214400.00
2016/02/22,15.17,15.22,14.90,15.11,33571254,515111552.00
2016/02/23,15.16,15.28,14.70,14.91,31935991,486727712.00
2016/02/24,14.89,15.21,14.80,15.14,36473849,556878784.00
2016/02/25,15.14,15.15,13.65,13.89,45682336,669279040.00
2016/02/26,14.03,14.25,13.81,14.05,25454749,364082464.00
2016/02/29,13.93,14.04,13.19,13.43,31421897,430968384.00
2016/03/01,13.55,13.90,13.29,13.77,26512073,367286432.00
2016/03/02,13.93,14.83,13.91,14.77,47983940,700813312.00
2016/03/03,14.76,15.09,14.61,15.03,46081688,695085632.00
2016/03/04,14.95,15.01,14.63,14.81,53370898,804941568.00
2016/04/07,14.90,15.65,14.81,14.97,183117559,2807099136.00
2016/04/08,14.60,14.65,14.03,14.26,85355805,1243205888.00
2016/04/11,14.39,14.64,14.30,14.40,58908239,864383680.00
2016/04/12,14.40,14.43,13.90,14.05,53626173,769362176.00
2016/04/13,14.18,14.64,14.15,14.42,72204041,1061253696.00
2016/04/14,14.50,14.61,14.38,14.58,43211648,637301440.00
2016/04/15,14.55,14.61,14.41,14.49,34822809,513458432.00
2016/04/18,14.47,14.47,14.10,14.18,31851830,460640256.00
2016/04/19,14.27,14.31,14.06,14.16,29843494,429347776.00
2016/04/20,14.19,14.24,13.43,13.63,65272587,915773120.00
2016/04/21,13.60,13.84,13.53,13.68,32290913,451140256.00
2016/04/22,13.56,13.80,13.53,13.76,18832085,262444576.00
2016/04/25,13.70,13.99,13.55,13.91,25412374,358566944.00
2016/04/26,13.95,14.05,13.77,13.96,20626971,292433344.00
2016/04/27,13.97,13.99,13.77,13.80,17945656,253716432.00
2016/04/28,13.86,13.90,13.56,13.82,22407443,313004096.00
2016/04/29,13.81,14.10,13.71,13.98,31099270,441119872.00
2016/05/03,14.04,14.39,13.91,14.36,45409763,657389632.00
2016/05/04,14.29,14.37,14.18,14.23,28598148,415396352.00
2016/05/05,14.19,14.35,14.16,14.34,27421180,398142976.00
2016/05/06,14.39,14.43,13.62,13.71,71096036,1005753600.00
2016/05/09,13.55,13.55,13.26,13.33,32794665,447644768.00
2016/05/10,13.27,13.45,13.27,13.40,15521000,211481760.00
2016/05/11,13.44,13.58,13.21,13.37,22320080,304850816.00
2016/05/12,13.25,13.49,13.11,13.46,22261653,301681856.00
2016/05/13,13.41,13.58,13.25,13.34,17644361,241025968.00
2016/05/16,13.33,13.38,13.13,13.38,16448669,222601648.00
2016/05/17,13.39,13.40,13.21,13.25,19809845,267944704.00
2016/05/18,13.18,13.21,12.90,13.11,28466216,378215712.00
2016/05/19,13.00,13.18,12.91,12.98,19333363,257294464.00
2016/05/20,12.88,13.03,12.83,13.02,15390866,203250048.00
2016/05/23,13.03,13.22,12.98,13.09,16452443,219486752.00
2016/05/24,13.08,13.09,12.90,12.93,15441506,203864576.00
2016/05/25,13.03,13.10,12.97,13.04,19719146,262028240.00
2016/05/26,13.03,13.06,12.86,13.03,15815324,208474928.00
2016/05/27,13.03,13.11,12.96,13.04,16998606,225951920.00
2016/05/30,13.00,13.20,12.87,13.04,17883843,237962512.00
2016/05/31,13.07,13.59,13.07,13.53,50134031,683676288.00
2016/06/01,13.56,13.60,13.43,13.47,37775601,520369216.00
2016/06/02,13.48,13.54,13.43,13.53,22432309,307853856.00
2016/06/03,13.56,13.83,13.52,13.70,42845943,598647424.00
2016/06/06,13.71,13.88,13.66,13.73,26340455,368711904.00
2016/06/07,13.74,13.75,13.50,13.55,20885442,288939520.00
2016/06/08,13.58,13.63,13.41,13.56,22430911,308846112.00
2016/06/13,13.40,13.43,12.91,12.93,30259888,407404128.00
2016/06/14,12.89,13.00,12.86,12.95,17674959,232966288.00
2016/06/15,12.86,13.28,12.82,13.22,22305619,298771648.00
2016/06/16,13.17,13.21,13.03,13.06,20313624,271217696.00
2016/06/17,13.18,13.70,13.17,13.50,48898731,673760000.00
2016/06/20,13.49,13.74,13.33,13.42,17879853,244601136.00
2016/06/21,13.49,13.59,13.24,13.27,22316195,305028096.00
2016/06/22,13.25,13.48,13.20,13.45,16226608,220807312.00
2016/06/23,13.49,13.74,13.43,13.68,45962928,638090240.00
2016/06/24,13.61,13.63,13.07,13.38,35273397,481645056.00
2016/06/27,13.33,14.05,13.28,13.93,57486716,807363776.00
2016/06/28,13.83,14.30,13.75,14.17,58434065,838696576.00
2016/06/29,14.25,14.29,13.92,14.07,35884273,513899520.00
2016/06/30,14.10,14.21,14.00,14.09,22994999,329924896.00
2016/07/01,14.08,14.21,13.94,13.95,24175112,345593248.00
2016/07/04,13.83,14.23,13.80,14.17,37947654,545124352.00
2016/07/05,14.14,14.21,14.05,14.13,27539091,396376704.00
2016/07/06,14.13,14.19,14.03,14.11,25941580,372298304.00
2016/07/07,14.10,14.18,13.87,14.00,31750682,452725952.00
2016/07/08,13.99,14.03,13.90,13.93,22461116,319182112.00
2016/07/11,13.94,14.16,13.92,13.98,30387960,434359616.00
2016/07/12,13.99,14.54,13.95,14.50,63228097,917923264.00
2016/07/13,14.55,14.81,14.46,14.64,63524296,944078208.00
2016/07/14,14.55,14.59,14.44,14.53,27828789,410501120.00
2016/07/15,14.60,14.65,14.45,14.55,29297412,426045568.00
2016/07/18,14.65,15.10,14.57,15.00,69416761,1035061120.00
2016/07/19,14.95,15.04,14.75,14.88,32650098,484692928.00
2016/07/20,14.87,15.28,14.85,15.02,49914695,753481472.00
2016/07/21,15.02,15.26,14.95,14.99,46985876,708809856.00
2016/07/22,15.01,15.12,14.69,14.72,35298286,524132000.00
2016/07/25,14.73,15.15,14.72,15.13,41577437,623141952.00
2016/07/26,15.12,15.20,14.95,15.15,30116618,453813856.00
2016/07/27,15.15,15.20,14.31,14.55,56352485,832031744.00
2016/07/28,14.60,14.88,14.54,14.81,40799212,600764288.00
2016/07/29,14.81,14.84,14.53,14.56,21216556,311288160.00
2016/08/01,14.50,14.60,14.12,14.21,28516021,406676320.00
2016/08/02,14.18,14.34,14.18,14.32,15420830,219819632.00
2016/08/03,14.33,14.45,14.20,14.32,17423584,249951104.00
2016/08/04,14.29,14.39,14.22,14.35,13288706,190108544.00
2016/08/05,14.34,14.65,14.32,14.45,23666734,343467904.00
2016/08/08,14.45,14.95,14.40,14.87,32905897,485844096.00
2016/08/09,14.82,14.88,14.73,14.84,20215455,299212320.00
2016/08/10,14.90,14.90,14.69,14.72,21859181,322650368.00
2016/08/11,14.74,14.82,14.62,14.65,16346900,240358672.00
2016/08/12,14.70,14.94,14.64,14.89,26890280,397660896.00
2016/08/15,14.92,15.25,14.91,15.18,53378349,806598464.00
2016/08/16,15.16,15.33,15.11,15.16,54222968,824584896.00
2016/08/17,15.20,15.32,14.93,15.03,44721570,675312640.00
2016/08/18,14.95,15.08,14.92,14.96,27248318,408109408.00
2016/08/19,15.00,15.03,14.77,14.89,30777105,457482112.00
2016/08/22,14.86,14.96,14.69,14.70,24646708,364953408.00
2016/08/23,14.68,14.76,14.65,14.70,18990081,279088864.00
2016/08/24,14.71,14.76,14.68,14.70,12153872,178883296.00
2016/08/25,14.64,14.70,14.52,14.70,19664656,287155136.00
2016/08/26,14.82,14.98,14.69,14.70,29620333,439632352.00
2016/08/29,14.60,14.72,14.60,14.66,13776248,201984640.00
2016/08/30,14.64,14.75,14.64,14.67,13543417,198919760.00
2016/08/31,14.68,14.73,14.56,14.68,13783841,201986992.00
2016/09/01,14.68,14.93,14.62,14.78,27473180,406007232.00
2016/09/02,14.73,14.82,14.63,14.67,14381094,211539856.00
2016/09/05,14.71,14.86,14.68,14.71,15787574,233271792.00
2016/09/06,14.70,14.97,14.59,14.94,26428832,391798912.00
2016/09/07,14.98,15.14,14.89,15.01,37024513,555622912.00
2016/09/08,15.00,15.15,14.93,15.11,38657842,582301312.00
2016/09/09,15.13,15.17,14.85,14.86,30348075,455359264.00
2016/09/12,14.60,14.72,14.48,14.49,37197425,543243136.00
2016/09/13,14.58,14.65,14.51,14.60,14516173,211514288.00
2016/09/14,14.55,14.58,14.48,14.50,14545880,211199776.00
2016/09/19,14.60,14.70,14.57,14.70,14669833,214916368.00
2016/09/20,14.72,14.88,14.66,14.76,14727282,217898704.00
2016/09/21,14.75,14.88,14.69,14.80,13700861,203179856.00
2016/09/22,14.90,14.92,14.74,14.85,25251888,374175360.00
2016/09/23,14.85,14.88,14.65,14.75,17635857,260121360.00
2016/09/26,14.75,14.83,14.52,14.52,14345715,210520464.00
2016/09/27,14.53,14.70,14.33,14.69,20621355,298809312.00
2016/09/28,14.65,14.71,14.56,14.70,11423888,167312544.00
2016/09/29,14.72,14.82,14.69,14.71,12449800,183513744.00
2016/09/30,14.70,14.85,14.68,14.78,13969526,206688880.00
2016/10/10,14.93,15.15,14.92,15.09,37937749,570529472.00
2016/10/11,15.10,15.28,15.05,15.12,35308826,535436480.00
2016/10/12,15.03,15.06,14.95,15.00,17449173,261566560.00
2016/10/13,14.99,15.06,14.87,14.94,15608109,233202960.00
2016/10/14,14.90,15.03,14.78,14.99,17297071,257837648.00
2016/10/17,15.00,15.01,14.73,14.73,16109617,239559776.00
2016/10/18,14.76,14.98,14.71,14.98,17693731,263223584.00
2016/10/19,15.00,15.13,14.90,14.92,20850992,313042528.00
2016/10/20,14.91,14.94,14.80,14.86,13695099,203517056.00
2016/10/21,14.88,15.09,14.84,14.96,26355991,394306208.00
2016/10/24,14.97,15.46,14.97,15.37,75622877,1154197376.00
2016/10/25,15.44,15.50,15.24,15.43,50279000,774116992.00
2016/10/26,15.43,15.68,15.26,15.34,37723126,582929472.00
2016/10/27,15.35,15.51,15.21,15.39,23748205,364573536.00
2016/10/28,15.39,15.72,15.35,15.48,50045942,779477312.00
2016/10/31,15.47,15.47,15.26,15.30,23695336,363594752.00
2016/11/01,15.34,15.43,15.19,15.32,21710354,331791200.00
2016/11/02,15.28,15.47,15.24,15.38,24131557,371144480.00
2016/11/03,15.29,15.53,15.24,15.43,27117062,417314496.00
2016/11/04,15.45,15.70,15.41,15.44,34611271,539189888.00
2016/11/07,15.41,15.65,15.41,15.63,26261443,409143552.00
2016/11/08,15.71,16.45,15.71,16.32,100639674,1627171328.00
2016/11/09,16.25,16.51,15.86,16.20,71994404,1167778432.00
2016/11/10,16.36,16.46,16.22,16.35,34895909,569803136.00
2016/11/11,16.34,17.05,16.30,16.84,58579360,983604800.00
2016/11/14,16.80,17.03,16.58,16.65,46779413,783880832.00
2016/11/15,16.60,16.79,16.46,16.77,31602969,525190432.00
2016/11/16,16.77,16.85,16.36,16.44,31096708,513460160.00
2016/11/17,16.40,16.70,16.36,16.60,25671384,425253152.00
2016/11/18,16.50,16.69,16.15,16.22,27852600,458693984.00
2016/11/21,16.64,16.83,16.34,16.41,43463132,722083584.00
2016/11/22,16.45,16.83,16.35,16.73,33559185,558158400.00
2016/11/23,16.80,17.03,16.61,16.65,36702134,615517184.00
2016/11/24,16.66,17.07,16.41,16.95,48388278,814523264.00
2016/11/25,16.91,17.37,16.75,17.32,61063766,1047134528.00
2016/11/28,17.37,17.37,17.05,17.17,36260300,622696768.00
2016/11/29,17.05,17.50,16.76,16.90,53183180,909013888.00
2016/11/30,16.81,17.14,16.64,16.84,36174773,609965056.00
2016/12/01,16.92,17.68,16.85,17.54,85183782,1478157824.00
2016/12/02,17.55,17.58,17.14,17.14,44970469,779588544.00
2016/12/05,16.96,16.99,16.02,16.33,63654136,1047688768.00
2016/12/06,16.29,16.53,16.26,16.29,30888159,506282272.00
2016/12/07,16.22,16.40,16.02,16.38,18598911,302348864.00
2016/12/08,16.43,16.48,16.16,16.32,18590671,303949472.00
2016/12/09,16.29,16.41,16.23,16.29,24524204,400401024.00
2016/12/12,16.25,16.25,15.31,15.56,51462395,809582272.00
2016/12/13,15.45,15.75,15.37,15.60,23340757,364244672.00
2016/12/14,15.61,15.73,15.42,15.49,15579584,242723248.00
2016/12/15,15.42,15.54,15.17,15.26,29021332,445025088.00
2016/12/16,15.23,15.50,15.18,15.50,29727576,455532064.00
2016/12/19,15.37,15.72,15.33,15.58,25238548,392807936.00
2016/12/20,15.62,15.72,15.39,15.48,23868729,372213792.00
2016/12/21,15.57,15.86,15.57,15.86,31607232,498077088.00
2016/12/22,15.84,16.03,15.78,15.94,24280332,387252800.00
2016/12/23,15.91,15.97,15.50,15.50,18562574,291239520.00
2016/12/26,15.66,15.96,15.49,15.93,21215981,333975392.00
2016/12/27,15.85,16.05,15.73,15.99,22533918,359145312.00
2016/12/28,16.01,16.02,15.70,15.71,17691457,279712128.00
2016/12/29,15.74,16.10,15.71,15.81,23584452,374976384.00
2016/12/30,15.83,16.01,15.81,15.95,12645444,200969808.00
2017/01/03,15.99,16.27,15.90,16.20,20062983,324116416.00
2017/01/04,16.20,16.22,16.06,16.15,18185991,293351552.00
2017/01/05,16.18,16.20,15.85,15.88,30229481,482052096.00
2017/01/06,15.87,15.94,15.61,15.63,23102502,363094496.00
2017/01/09,15.55,15.55,14.91,15.05,77286913,1166409600.00
2017/01/10,15.01,15.15,14.96,15.00,30724511,461664000.00
2017/01/11,14.98,15.01,14.80,14.93,24737224,368236832.00
2017/01/12,14.90,15.18,14.86,15.17,35905761,540847808.00
2017/01/13,15.12,15.15,14.85,14.90,15265363,228271952.00
2017/01/16,14.88,14.88,14.45,14.64,30856422,449877280.00
2017/01/17,14.63,14.79,14.57,14.79,12104716,177649936.00
2017/01/18,14.79,15.00,14.73,14.99,20178306,301009280.00
2017/01/19,14.95,15.05,14.84,14.86,11508438,172010592.00
2017/01/20,14.85,15.03,14.85,14.98,11296301,169270720.00
2017/01/23,14.98,15.08,14.96,14.99,11537061,173439680.00
2017/01/24,15.04,15.10,14.90,15.08,16262715,244264720.00
2017/01/25,15.05,15.29,14.95,15.29,22278994,337373408.00
2017/01/26,15.22,15.28,15.13,15.15,16977622,257988224.00
2017/02/03,15.13,15.13,14.98,15.00,10108094,151809040.00
2017/02/06,15.00,15.11,14.98,15.07,9363077,140862144.00
2017/02/07,15.07,15.07,14.88,14.93,13704698,204992480.00
2017/02/08,14.91,15.01,14.82,14.99,13495686,201072944.00
2017/02/09,15.00,15.15,14.94,15.15,21708115,327030784.00
2017/02/10,15.15,15.25,15.07,15.21,24527740,372148544.00
2017/02/13,15.20,15.31,15.16,15.27,21181908,323294176.00
2017/02/14,15.23,15.75,15.17,15.51,52264641,810321344.00
2017/02/15,15.59,15.72,15.33,15.37,33878612,527432096.00
2017/02/16,15.35,15.49,15.26,15.40,17220380,265160112.00
2017/02/17,15.40,15.46,15.11,15.18,19963225,305737408.00
2017/02/20,15.22,15.74,15.21,15.68,42482023,661450880.00
2017/02/21,15.67,15.78,15.49,15.71,25565206,399398592.00
2017/02/22,15.69,15.70,15.49,15.52,32502741,506141952.00
2017/02/23,15.55,15.75,15.50,15.66,33679954,526953408.00
2017/02/24,15.67,15.74,15.42,15.59,35201004,548462464.00
2017/02/27,15.66,15.87,15.58,15.65,45502185,714687168.00
2017/02/28,15.65,15.88,15.64,15.80,36443835,574740672.00
2017/03/01,15.86,15.87,15.71,15.75,27874794,439842496.00
2017/03/02,15.80,15.85,15.61,15.62,22117741,347350720.00
2017/03/03,15.56,15.60,15.44,15.57,22824464,354142304.00
2017/03/06,15.54,15.57,15.33,15.56,42549206,656175808.00
2017/03/07,15.50,15.53,15.20,15.28,45872108,703384384.00
2017/03/16,16.81,16.81,16.50,16.81,336313742,5643965440.00
2017/03/17,17.00,17.78,16.85,17.16,251089297,4340764672.00
2017/03/20,17.45,17.50,17.11,17.22,115382381,1996411136.00
2017/03/21,17.16,17.33,16.95,17.05,93304824,1596416000.00
2017/03/22,16.90,17.54,16.85,17.30,99889405,1720565248.00
2017/03/23,17.30,17.47,17.22,17.40,71145094,1234265984.00
2017/03/24,17.27,18.33,17.11,17.90,113528916,2016869376.00
2017/03/27,17.80,18.05,17.50,17.53,58282628,1034160640.00
2017/03/28,17.52,17.70,17.36,17.51,43738316,766166656.00
2017/03/29,17.46,17.57,17.01,17.05,58411878,1009883456.00
2017/03/30,17.06,17.14,16.82,17.00,41117675,698689088.00
2017/03/31,17.00,17.13,16.91,16.96,26395903,449334720.00
2017/04/05,16.97,17.38,16.80,17.33,59246029,1016914560.00
2017/04/06,17.23,17.50,17.10,17.29,38260152,661334912.00
2017/04/07,17.26,17.52,17.13,17.26,38108067,660476416.00
2017/04/10,17.27,17.62,17.25,17.35,48092199,838638528.00
2017/04/11,17.45,17.63,16.98,17.30,52837847,910748544.00
2017/04/12,17.22,17.30,17.04,17.05,25831611,443425920.00
2017/04/13,17.00,17.17,16.88,16.96,30520463,518926240.00
2017/04/14,16.89,16.92,16.64,16.79,32446396,543104192.00
2017/04/17,16.79,17.02,16.67,16.85,25338416,426458816.00
2017/04/18,17.00,17.16,16.77,16.85,26980277,459053376.00
2017/04/19,16.80,17.26,16.80,17.25,37739226,643998336.00
2017/04/25,17.35,18.08,17.35,17.66,93136185,1655855360.00
2017/04/26,17.62,18.15,17.61,17.92,43368644,776266048.00
2017/04/27,17.82,17.98,17.70,17.87,32620043,582084800.00
2017/04/28,17.90,17.94,17.59,17.76,28001721,496239168.00
2017/05/02,17.73,17.79,17.42,17.64,19238235,338576384.00
2017/05/03,17.58,18.05,17.55,17.82,34074547,608521984.00
2017/05/04,17.78,18.08,17.66,17.83,33992154,608315584.00
2017/05/05,17.80,17.89,17.42,17.60,32366194,571931840.00
2017/05/08,17.56,17.67,17.03,17.03,29396110,509739168.00
2017/05/09,17.00,17.29,16.92,17.16,18897550,324066656.00
2017/05/10,17.20,17.30,16.75,16.81,21510725,367620640.00
2017/05/11,16.85,17.33,16.67,17.30,27008366,458480384.00
2017/05/12,17.26,17.32,17.02,17.24,17560470,301749504.00
2017/05/15,17.42,17.69,17.38,17.44,25198383,441625536.00
2017/05/16,17.40,19.05,17.35,18.94,82768238,1512100352.00
2017/05/17,18.89,19.20,18.70,18.97,43957728,831162176.00
2017/05/18,18.85,19.28,18.75,19.04,47342727,902115648.00
2017/05/19,19.06,19.44,18.86,19.12,36851241,704632000.00
2017/05/22,19.10,19.35,18.79,19.00,37183546,708742976.00
2017/05/23,18.91,19.49,18.77,19.00,52076966,998929920.00
2017/05/24,18.90,19.11,18.61,18.98,34497917,649857152.00
2017/05/25,18.98,20.05,18.90,19.92,78010763,1530069888.00
2017/05/26,19.98,20.02,19.34,19.38,58506902,1146608512.00
2017/05/31,19.57,19.65,19.21,19.53,37396905,727783808.00
2017/06/01,19.52,19.88,19.35,19.55,31005437,609032256.00
2017/06/02,19.60,19.85,19.46,19.75,34907014,687515904.00
2017/06/05,19.80,20.05,19.47,19.62,34713598,685277760.00
2017/06/06,19.59,19.82,19.45,19.81,21330193,419096320.00
2017/06/07,20.10,20.80,20.00,20.59,68665711,1409594496.00
2017/06/08,20.50,21.05,20.48,20.63,52968033,1103905024.00
2017/06/09,20.66,21.09,20.57,20.98,45549467,950759872.00
2017/06/12,21.20,21.34,20.76,20.99,42664909,896034112.00
2017/06/13,21.00,21.07,20.69,20.95,28341655,592736256.00
2017/06/14,20.95,21.17,20.69,20.79,31596851,659087680.00
2017/06/15,20.78,21.30,20.50,21.30,41767474,872576640.00
2017/06/16,21.30,21.65,21.20,21.44,47052698,1009536832.00
2017/06/19,21.42,21.64,21.29,21.61,28916595,621120448.00
2017/06/20,21.61,22.03,21.55,21.86,39573899,862564352.00
2017/06/21,21.92,22.88,21.83,22.81,65379709,1467790592.00
2017/06/22,22.87,23.03,22.20,22.40,61980733,1405774720.00
2017/06/23,22.41,23.71,22.24,23.55,86533074,1990509696.00
2017/06/26,23.73,24.52,23.70,23.85,85735201,2056379392.00
2017/06/27,23.85,24.21,23.60,23.97,63140367,1507770368.00
2017/06/28,23.88,23.97,23.56,23.83,39966411,949383232.00
2017/06/29,24.00,24.09,23.58,23.97,44048627,1049808448.00
2017/06/30,23.85,23.85,23.42,23.74,51249374,1210854400.00
2017/07/03,23.65,23.88,22.56,22.60,108802582,2502009344.00
2017/07/04,22.61,22.81,22.37,22.64,62910985,1420710656.00
2017/07/05,22.52,23.62,22.45,23.52,86108210,1982933248.00
2017/07/06,23.38,23.61,22.96,23.25,55380530,1291237248.00
2017/07/07,23.06,23.65,23.06,23.19,45953356,1073768704.00
2017/07/10,23.01,23.35,22.44,22.45,47513241,1084894464.00
2017/07/11,22.41,23.13,22.30,22.61,45243414,1029543424.00
2017/07/12,22.68,23.43,22.51,23.41,51282064,1177130496.00
2017/07/13,23.30,23.59,23.10,23.22,47628680,1110206336.00
2017/07/14,23.08,24.02,22.91,23.97,66493515,1573078656.00
2017/07/17,23.84,24.02,22.65,22.90,77158477,1799659904.00
2017/07/18,22.80,23.17,21.41,22.07,96659797,2136469248.00
2017/07/19,21.87,22.70,21.82,22.67,57064874,1274264704.00
2017/07/20,23.60,24.00,23.23,23.58,96716578,2287340288.00
2017/07/21,23.72,24.37,23.41,23.66,69648934,1668504064.00
2017/07/24,23.72,24.07,23.38,23.97,50853687,1207725952.00
2017/07/25,23.90,24.08,23.00,23.12,57363811,1349045888.00
2017/07/26,23.16,23.37,22.82,22.92,37773378,869853312.00
2017/07/27,22.87,23.46,22.55,22.75,65093844,1493195392.00
2017/07/28,22.78,23.44,22.65,23.25,43881362,1018514112.00
2017/07/31,23.25,23.39,22.65,22.95,60460770,1380817152.00
2017/08/01,22.80,23.07,22.62,22.82,33329111,761588288.00
2017/08/02,22.89,23.26,22.72,22.85,40050246,918913216.00
2017/08/03,22.69,22.69,21.99,22.14,65762993,1462862976.00
2017/08/04,22.13,22.29,21.80,21.84,35201734,773761024.00
2017/08/07,21.82,22.24,21.78,22.12,25513821,563880320.00
2017/08/08,22.15,22.49,22.15,22.28,24752752,552063232.00
2017/08/09,22.29,22.79,22.00,22.68,38609819,866662272.00
2017/08/10,22.60,22.95,22.27,22.48,35171966,793953472.00
2017/08/11,22.18,22.50,21.84,21.88,25037910,554014272.00
2017/08/14,21.77,22.50,21.10,21.77,74821328,1638780032.00
2017/08/15,21.63,21.99,21.58,21.84,32893653,716996032.00
2017/08/16,21.84,22.77,21.68,22.43,68023854,1522966656.00
2017/08/17,22.53,23.07,22.43,22.95,61914144,1410479488.00
2017/08/18,22.77,23.25,22.58,23.25,49243713,1130044160.00
2017/08/21,23.50,23.79,22.89,23.03,47015453,1093524224.00
2017/08/22,22.97,23.13,22.68,22.87,30417995,695042368.00
2017/08/23,22.81,23.15,22.73,22.86,22980649,528109856.00
2017/08/24,22.65,23.05,22.58,22.82,26350959,600564416.00
2017/08/25,22.93,23.52,22.80,22.91,63585521,1471588608.00
2017/08/28,22.98,23.89,22.78,23.69,98868558,2318035712.00
2017/08/29,23.50,23.89,23.46,23.72,51101031,1208435712.00
2017/08/30,23.69,24.33,23.61,24.03,70829866,1700003328.00
2017/08/31,23.99,24.32,23.43,23.86,59815650,1428072832.00
2017/09/01,23.87,23.95,23.46,23.68,39839513,943362880.00
2017/09/04,23.68,24.50,23.40,24.39,82345310,1986787456.00
2017/09/05,24.29,24.65,24.19,24.36,49024031,1196281728.00
2017/09/06,24.28,24.99,24.19,24.95,70812533,1752357632.00
2017/09/07,25.00,25.00,24.38,24.46,49566912,1217895424.00
2017/09/08,24.69,25.38,24.64,25.35,78442124,1963777024.00
2017/09/11,25.37,25.88,25.02,25.30,78179226,1988520832.00
2017/09/12,25.19,25.37,24.67,24.94,58212996,1453317248.00
2017/09/13,24.91,25.08,24.71,24.93,29693142,739153408.00
2017/09/14,24.93,25.06,24.44,24.55,42365945,1046059584.00
2017/09/15,24.65,24.97,24.40,24.62,34832814,859409344.00
2017/09/18,24.45,25.24,24.45,24.94,45193379,1127062272.00
2017/09/19,25.00,25.08,24.49,24.52,30608127,756859072.00
2017/09/20,24.50,24.86,24.36,24.78,32313463,795239744.00
2017/09/21,24.82,25.05,24.49,24.97,39029956,967520000.00
2017/09/22,25.11,26.95,25.11,26.70,126589696,3292870912.00
2017/09/25,27.10,27.50,26.10,26.25,117839660,3175436800.00
2017/09/26,26.11,26.58,25.90,26.58,55781288,1468524800.00
2017/09/27,26.58,28.51,26.46,28.02,128773768,3558520320.00
2017/09/28,28.00,28.45,27.51,28.15,81270620,2273833984.00
2017/09/29,28.18,29.45,28.02,28.30,117805018,3387908352.00
2017/10/09,30.20,31.13,29.72,29.98,206120278,6308174336.00
2017/10/10,29.70,30.20,29.05,30.10,111333517,3303225344.00
2017/10/11,29.88,29.88,28.80,28.89,101168351,2960045312.00
2017/10/12,28.95,29.55,28.81,29.17,69056385,2016209024.00
2017/10/13,28.90,29.82,28.62,29.50,73711648,2168069888.00
2017/10/16,29.44,31.35,29.33,30.45,113867370,3485773824.00
2017/10/17,30.46,31.07,29.95,30.46,63331539,1934054912.00
2017/10/18,30.26,30.97,30.10,30.63,57665041,1758105728.00
2017/10/19,29.68,29.95,28.02,28.38,153742041,4471537664.00
2017/10/20,28.01,28.79,27.77,28.66,73551420,2086105856.00
2017/10/23,28.44,28.77,28.23,28.49,53506423,1524822016.00
2017/10/24,28.38,28.38,27.19,27.72,94452010,2622727168.00
2017/10/25,27.69,28.30,27.59,28.27,52419667,1468815744.00
2017/10/26,28.55,30.48,28.53,30.00,126595645,3760662528.00
2017/10/27,29.70,30.21,29.56,30.08,68956729,2062546688.00
2017/10/30,30.32,31.70,30.02,31.50,127493048,3950702592.00
2017/10/31,31.44,32.76,31.11,32.29,104498637,3337991936.00
2017/11/01,32.30,32.68,31.50,31.58,80329202,2569999872.00
2017/11/02,31.49,32.15,30.71,32.12,73116697,2300195072.00
2017/11/03,31.88,32.84,31.81,32.75,97203440,3147490048.00
2017/11/06,32.71,34.07,32.31,34.00,88333543,2942024960.00
2017/11/07,34.09,34.30,33.02,33.65,76933073,2587933184.00
2017/11/08,33.91,34.10,32.60,32.81,96617918,3221803520.00
2017/11/09,32.75,34.98,32.42,34.94,108013722,3659011072.00
2017/11/10,34.70,36.55,34.60,35.26,118503153,4201363968.00
2017/11/13,35.20,37.22,35.03,36.59,101216328,3681941504.00
2017/11/14,36.58,36.85,36.01,36.57,79459108,2894185472.00
2017/11/15,36.36,37.20,34.78,36.02,118900253,4275503104.00
2017/11/16,35.82,38.04,35.10,37.90,118064131,4316192768.00
2017/11/17,37.55,38.18,36.00,36.05,114990410,4290400512.00
2017/11/20,35.98,39.25,35.70,39.25,131933654,4928858624.00
2017/11/21,39.00,40.89,38.70,40.04,152363369,6061896192.00
2017/11/22,39.93,41.39,39.20,40.15,129121695,5191500800.00
2017/11/23,40.00,40.80,38.47,38.81,128064271,5055096832.00
2017/11/24,38.61,39.85,37.78,38.18,111401932,4312257536.00
2017/11/27,38.01,38.19,34.36,34.36,168387919,6011627008.00
2017/11/28,34.00,35.57,33.91,35.52,130367865,4505041408.00
2017/11/29,35.10,35.35,33.04,34.22,132018297,4522386432.00
2017/11/30,33.49,34.21,32.52,33.08,107362412,3579593728.00
2017/12/01,33.30,34.18,33.09,33.56,97851251,3294255360.00
2017/12/04,33.60,35.23,33.48,34.92,116601214,4026393856.00
2017/12/05,34.38,35.17,33.20,34.02,100278933,3429654272.00
2017/12/06,34.06,34.61,32.85,34.57,100061620,3381634048.00
2017/12/07,34.37,34.64,33.79,33.86,62206652,2123092864.00
2017/12/08,33.66,35.77,33.58,35.31,109014847,3804449280.00
2017/12/11,35.45,37.28,35.30,37.27,132211141,4834922496.00
2017/12/12,37.02,37.68,36.82,37.09,94863947,3534232832.00
2017/12/13,36.84,38.28,36.78,38.10,100966683,3816250368.00
2017/12/14,38.08,38.36,37.60,38.29,77064989,2933720064.00
2017/12/15,38.02,38.18,36.47,37.00,104199384,3876692224.00
2017/12/18,36.50,37.15,34.63,34.97,125209561,4475091456.00
2017/12/19,35.30,35.93,35.05,35.66,80228527,2845905664.00
2017/12/20,35.39,36.09,34.72,35.39,80731481,2855820032.00
2017/12/21,35.35,38.15,35.14,37.85,141365229,5216019456.00
2017/12/22,37.86,38.17,37.51,38.07,100714058,3814448896.00
2017/12/25,37.90,38.15,36.72,37.21,99357251,3701906944.00
2017/12/26,37.44,37.45,36.06,37.20,93008020,3417270016.00
2017/12/27,36.80,37.10,36.07,36.18,81586682,2981699584.00
2017/12/28,36.25,36.81,35.60,36.22,79808486,2892809984.00
2017/12/29,35.92,36.67,35.81,36.36,55651080,2016965888.00
2018/01/02,36.48,36.60,34.78,35.73,89960742,3195105280.00
2018/01/03,35.63,37.50,35.52,36.69,139132102,5111714816.00
2018/01/04,36.37,36.95,35.88,36.90,94830024,3445268992.00
2018/01/05,36.70,36.78,35.87,36.04,76047333,2754542336.00
2018/01/08,36.00,36.02,34.92,35.57,109576938,3858979072.00
2018/01/09,35.57,36.35,35.31,36.35,96915693,3480380672.00
2018/01/10,36.28,36.28,35.25,35.92,77737123,2783295232.00
2018/01/11,35.60,36.85,35.30,36.42,111269294,4047412480.00
2018/01/12,36.19,36.28,35.61,35.82,64626968,2320586240.00
2018/01/15,35.71,37.32,35.03,36.41,157933052,5773264384.00
2018/01/16,36.07,38.64,35.89,38.60,207331314,7827256832.00
2018/01/17,38.90,38.90,36.60,36.98,195953809,7329869824.00
2018/01/18,37.02,37.49,36.32,36.57,103223006,3796014080.00
2018/01/19,36.57,37.36,36.37,36.49,79705848,2933085696.00
2018/01/22,36.50,36.61,35.10,36.43,106407908,3822812928.00
2018/01/23,36.38,37.12,35.81,36.38,90160039,3295173888.00
2018/01/24,36.16,37.10,35.85,37.05,112358263,4094508800.00
2018/01/25,36.94,36.94,36.03,36.06,79535384,2891196416.00
2018/01/26,35.70,36.04,35.00,35.00,131982018,4665978880.00
2018/01/29,34.80,34.80,31.59,31.71,232259836,7605498368.00
2018/01/30,31.22,31.94,30.68,31.10,103176060,3217356288.00
2018/01/31,31.06,31.38,30.61,31.12,69640200,2161459712.00
2018/02/01,30.00,30.00,28.01,28.01,205064859,5871329280.00
2018/02/02,29.00,29.36,28.50,28.82,131393249,3807909376.00
2018/02/05,28.22,29.94,28.21,29.28,87254197,2554109184.00
2018/02/06,28.50,29.38,28.30,28.45,77643385,2237128704.00
2018/02/07,29.20,29.49,28.23,28.71,69531397,2011550592.00
2018/02/08,28.76,29.88,28.72,29.65,85840076,2531711488.00
2018/02/09,28.79,29.40,28.01,28.45,81498213,2346515456.00
2018/02/12,28.99,29.77,28.61,29.42,74288537,2170791680.00
2018/02/13,29.76,30.25,29.64,29.74,76361333,2282690560.00
2018/02/14,29.78,30.59,29.75,30.50,56873219,1726897024.00
2018/02/22,30.71,31.45,30.25,31.22,64654228,2003323264.00
2018/02/23,31.31,32.15,31.03,31.32,73400229,2318214400.00
2018/02/26,31.80,32.85,31.36,32.55,118134552,3816108032.00
2018/02/27,33.00,33.10,32.21,32.37,90932703,2966278656.00
2018/02/28,31.97,32.67,31.63,32.24,69848926,2258664960.00
2018/03/01,31.93,32.68,31.85,32.35,58377296,1888708096.00
2018/03/02,32.02,32.50,31.50,31.52,59421820,1895239680.00
2018/03/05,31.80,32.38,31.68,32.15,49201512,1577128832.00
2018/03/06,32.30,33.68,32.30,33.30,114669505,3800533504.00
2018/03/07,33.10,33.11,32.67,32.67,53288769,1749699840.00
2018/03/08,32.67,32.98,32.30,32.68,41137756,1340499584.00
2018/03/09,32.70,33.64,32.70,33.62,93070914,3102149120.00
2018/03/12,33.88,34.23,33.41,33.99,84162614,2850456064.00
2018/03/13,33.99,34.00,33.14,33.15,53948061,1802920064.00
2018/03/14,33.00,33.08,32.50,32.72,42409033,1390967808.00
2018/03/15,32.70,33.27,32.13,32.81,51349829,1677664896.00
2018/03/16,32.83,32.95,32.00,32.01,54237703,1753054720.00
2018/03/19,31.88,32.33,31.33,31.74,46549355,1482154624.00
2018/03/20,31.50,32.15,31.32,32.05,36844043,1173116032.00
2018/03/21,32.15,32.65,31.56,31.65,49471128,1594964736.00
2018/03/22,31.62,31.97,31.30,31.36,36606867,1155649280.00
2018/03/23,29.40,30.38,28.41,29.01,108326395,3186737408.00
2018/03/26,28.40,29.68,28.30,29.49,69153118,2013739136.00
2018/03/27,30.05,30.65,30.05,30.43,63335781,1924415744.00
2018/03/28,29.87,30.28,29.61,29.62,39931436,1193317376.00
2018/03/29,29.94,30.12,28.75,29.84,49090966,1445480960.00
2018/03/30,29.90,30.45,29.73,30.15,46957739,1415290624.00
2018/04/02,30.38,31.30,30.16,30.82,67078364,2071742464.00
2018/04/03,30.20,30.37,29.76,30.09,48181413,1448305408.00
2018/04/04,30.20,30.50,29.82,29.99,40280843,1216057216.00
2018/04/09,29.60,30.30,29.10,29.96,39747026,1180875520.00
2018/04/10,29.98,30.79,29.73,30.70,53689379,1635809280.00
2018/04/11,30.85,31.86,30.84,31.64,71672708,2250920960.00
2018/04/12,31.50,31.94,31.17,31.20,38355305,1208646400.00
2018/04/13,31.59,31.80,31.06,31.20,23602794,739527744.00
2018/04/16,31.20,31.45,30.41,31.31,37666538,1167187328.00
2018/05/10,31.31,31.31,31.31,31.31,0,0.00
:
